﻿designator,quantity,value,pack,mpn,mount_type
B1,1,Board,Board,,tht
"C1, C3, C4, C5, C6, C7",6,0.1uF,C_Rect_L7.0mm_W2.0mm_P5.00mm_BigPads,,tht
C2,1,1uF,C_Rect_L7.0mm_W4.5mm_P5.00mm_BigPads,,tht
"C8, C9",2,22uF,CP_Radial_D5.0mm_P2.50mm,,tht
"D7, D8",2,4001,D_DO-41_SOD81_P7.62mm_Horizontal_BigPads,,tht
"H1, H2",2,MountingHole,MountingHole_M3_Standoff_Pad,,tht
J10,1,Board_A_1,PinHeader_1x16_P2.54mm_Vertical,,tht
J11,1,Board_A_2,PinHeader_1x16_P2.54mm_Vertical,,tht
J6,1,EuroPower_JST_3P,Eurorack_power_jst_3P,,tht
J7,1,EURO_PWR_16P,IDC-Header_2x08_P2.54mm_Vertical,,tht
"R1, R3, R8",3,680R,R_quarter_watt_L6.3mm_D2.5mm_P7.62mm,,tht
R10,1,330R,R_quarter_watt_L6.3mm_D2.5mm_P7.62mm,,tht
"R11, R13, R16, R17, R2, R7",6,100k,R_quarter_watt_L6.3mm_D2.5mm_P7.62mm,,tht
"R12, R14, R15, R5",4,10k,R_quarter_watt_L6.3mm_D2.5mm_P7.62mm,,tht
"R18, R19, R20",3,47k,R_quarter_watt_L6.3mm_D2.5mm_P7.62mm,,tht
R21,1,2.2k,R_quarter_watt_L6.3mm_D2.5mm_P7.62mm,,tht
"R4, R6",2,10R,R_quarter_watt_L6.3mm_D2.5mm_P7.62mm,,tht
R9,1,6.8k,R_quarter_watt_L6.3mm_D2.5mm_P7.62mm,,tht
T1,1,TL016-R,Audio_transformer_TL016-R,,tht
"U1, U2, U4, U5",4,NE5532,DIP-8_W7.62mm_LongPads,,tht
"U3, U6",2,VTL5C,Handmade_vactrol_5mm,,tht
