﻿pos_x,pos_y,rotation,side,designator,mpn,pack,value,mount_type,place
130.0,-45.75,0.0,top,B1,,Board,Board,tht,False
168.4,-59.1,180.0,top,C1,,C_Rect_L7.0mm_W2.0mm_P5.00mm_BigPads,0.1uF,tht,True
140.1,-101.71,-90.0,top,C2,,C_Rect_L7.0mm_W4.5mm_P5.00mm_BigPads,1uF,tht,True
164.1,-86.21,90.0,top,C3,,C_Rect_L7.0mm_W2.0mm_P5.00mm_BigPads,0.1uF,tht,True
158.3,-61.7,180.0,top,C4,,C_Rect_L7.0mm_W2.0mm_P5.00mm_BigPads,0.1uF,tht,True
151.1,-90.88,180.0,top,C5,,C_Rect_L7.0mm_W2.0mm_P5.00mm_BigPads,0.1uF,tht,True
165.82,-138.98,180.0,top,C6,,C_Rect_L7.0mm_W2.0mm_P5.00mm_BigPads,0.1uF,tht,True
149.0,-114.9,180.0,top,C7,,C_Rect_L7.0mm_W2.0mm_P5.00mm_BigPads,0.1uF,tht,True
143.4,-132.3,0.0,top,C8,,CP_Radial_D5.0mm_P2.50mm,22uF,tht,True
149.6,-132.3,0.0,top,C9,,CP_Radial_D5.0mm_P2.50mm,22uF,tht,True
143.6,-136.78,-90.0,top,D7,,D_DO-41_SOD81_P7.62mm_Horizontal_BigPads,4001,tht,True
151.6,-144.15,90.0,top,D8,,D_DO-41_SOD81_P7.62mm_Horizontal_BigPads,4001,tht,True
138.0,-72.15,0.0,top,H1,,MountingHole_M3_Standoff_Pad,MountingHole,tht,True
162.0,-102.05,0.0,top,H2,,MountingHole_M3_Standoff_Pad,MountingHole,tht,True
132.0,-65.75,180.0,bottom,J10,,PinHeader_1x16_P2.54mm_Vertical,Board_A_1,tht,True
168.0,-65.75,180.0,bottom,J11,,PinHeader_1x16_P2.54mm_Vertical,Board_A_2,tht,True
145.1,-148.9,0.0,top,J6,,Eurorack_power_jst_3P,EuroPower_JST_3P,tht,True
136.24,-147.53,180.0,top,J7,,IDC-Header_2x08_P2.54mm_Vertical,EURO_PWR_16P,tht,True
154.2,-47.89,-90.0,top,R1,,R_quarter_watt_L6.3mm_D2.5mm_P7.62mm,680R,tht,True
156.1,-98.49,-90.0,top,R10,,R_quarter_watt_L6.3mm_D2.5mm_P7.62mm,330R,tht,True
164.0,-89.69,-90.0,top,R11,,R_quarter_watt_L6.3mm_D2.5mm_P7.62mm,100k,tht,True
148.81,-86.5,180.0,top,R12,,R_quarter_watt_L6.3mm_D2.5mm_P7.62mm,10k,tht,True
154.48,-110.29,-90.0,top,R13,,R_quarter_watt_L6.3mm_D2.5mm_P7.62mm,100k,tht,True
155.82,-141.96,-90.0,top,R14,,R_quarter_watt_L6.3mm_D2.5mm_P7.62mm,10k,tht,True
164.2,-126.14,-90.0,top,R15,,R_quarter_watt_L6.3mm_D2.5mm_P7.62mm,10k,tht,True
150.21,-111.7,180.0,top,R16,,R_quarter_watt_L6.3mm_D2.5mm_P7.62mm,100k,tht,True
158.4,-125.11,90.0,top,R17,,R_quarter_watt_L6.3mm_D2.5mm_P7.62mm,100k,tht,True
167.8,-126.09,-90.0,top,R18,,R_quarter_watt_L6.3mm_D2.5mm_P7.62mm,47k,tht,True
138.0,-110.49,-90.0,top,R19,,R_quarter_watt_L6.3mm_D2.5mm_P7.62mm,47k,tht,True
147.61,-64.7,180.0,top,R2,,R_quarter_watt_L6.3mm_D2.5mm_P7.62mm,100k,tht,True
134.2,-120.91,90.0,top,R20,,R_quarter_watt_L6.3mm_D2.5mm_P7.62mm,47k,tht,True
159.4,-114.52,90.0,top,R21,,R_quarter_watt_L6.3mm_D2.5mm_P7.62mm,2.2k,tht,True
150.6,-47.9,-90.0,top,R3,,R_quarter_watt_L6.3mm_D2.5mm_P7.62mm,680R,tht,True
141.1,-91.09,-90.0,top,R4,,R_quarter_watt_L6.3mm_D2.5mm_P7.62mm,10R,tht,True
160.6,-55.52,90.0,top,R5,,R_quarter_watt_L6.3mm_D2.5mm_P7.62mm,10k,tht,True
144.48,-106.5,0.0,top,R6,,R_quarter_watt_L6.3mm_D2.5mm_P7.62mm,10R,tht,True
167.2,-55.51,90.0,top,R7,,R_quarter_watt_L6.3mm_D2.5mm_P7.62mm,100k,tht,True
156.1,-87.89,-90.0,top,R8,,R_quarter_watt_L6.3mm_D2.5mm_P7.62mm,680R,tht,True
163.8,-55.52,90.0,top,R9,,R_quarter_watt_L6.3mm_D2.5mm_P7.62mm,6.8k,tht,True
140.04715,-54.796,0.0,top,T1,,Audio_transformer_TL016-R,TL016-R,tht,True
151.98,-64.7,0.0,top,U1,,DIP-8_W7.62mm_LongPads,NE5532,tht,True
144.775,-93.88,0.0,top,U2,,DIP-8_W7.62mm_LongPads,NE5532,tht,True
143.487,-78.5,0.0,top,U3,,Handmade_vactrol_5mm,VTL5C,tht,True
159.6,-141.96,0.0,top,U4,,DIP-8_W7.62mm_LongPads,NE5532,tht,True
142.68,-117.82,0.0,top,U5,,DIP-8_W7.62mm_LongPads,NE5532,tht,True
166.156,-108.1,-90.0,top,U6,,Handmade_vactrol_5mm,VTL5C,tht,True
