﻿designator,quantity,value,pack,mpn,mount_type
B2,1,Board,Board,,tht
D1,1,ClipLed1,LED_D5.0mm_BigPads,,tht
D2,1,ClipLed2,LED_D5.0mm_BigPads,,tht
"D3, D4",2,4148,D_4148_BigPads,,tht
D5,1,Opto_sat,LED_D5.0mm_BigPads,,tht
D6,1,Wet/Dry,LED_D5.0mm_BigPads,,tht
"H3, H4",2,MountingHole,MountingHole_M3_Standoff_Pad,,tht
J1,1,Mix_audio_out,AudioJack_3.5mm_long_pads,,tht
J2,1,Audio_in,AudioJack_3.5mm_long_pads,,tht
J4,1,Mix_CV_in,AudioJack_3.5mm_long_pads,,tht
J5,1,Wet_audio_out,AudioJack_3.5mm_long_pads,,tht
J8,1,Board_B_1,PinSocket_1x16_P2.54mm_Vertical,,tht
J9,1,Board_B_2,PinSocket_1x16_P2.54mm_Vertical,,tht
R22,1,330R,R_quarter_watt_L6.3mm_D2.5mm_P7.62mm,,tht
RV1,1,Dry_gain_10k,Potentiometer_Bourns_3296W_Vertical_BigPads,,tht
RV2,1,Wet_gain_10k,Potentiometer_Bourns_3296W_Vertical_BigPads,,tht
RV3,1,CV_lvl_50k,Potentiometer_RV09_BigPads,,tht
RV4,1,Mix_trim_50k,Potentiometer_RV09_BigPads,,tht
SW1,1,Clipping,ToggleSwitch_MTS-102_SPDT,,tht
SW2,1,Xformer_bypass,ToggleSwitch_MTS-202_DPDT,,tht
SW3,1,Opto_bypass,ToggleSwitch_MTS-202_DPDT,,tht
