﻿pos_x,pos_y,rotation,side,designator,mpn,pack,value,mount_type,place
130.0,-45.75,0.0,top,B2,,Board,Board,tht,False
146.0,-52.25,0.0,top,D1,,LED_D5.0mm_BigPads,ClipLed1,tht,True
154.0,-52.25,0.0,top,D2,,LED_D5.0mm_BigPads,ClipLed2,tht,True
132.952,-48.44,-90.0,top,D3,,D_4148_BigPads,4148,tht,True
136.0,-56.06,90.0,top,D4,,D_4148_BigPads,4148,tht,True
140.0,-79.25,0.0,top,D5,,LED_D5.0mm_BigPads,Opto_sat,tht,True
150.0,-124.25,0.0,top,D6,,LED_D5.0mm_BigPads,Wet/Dry,tht,True
162.0,-72.15,0.0,top,H3,,MountingHole_M3_Standoff_Pad,MountingHole,tht,True
138.0,-102.05,0.0,top,H4,,MountingHole_M3_Standoff_Pad,MountingHole,tht,True
164.0,-139.85,0.0,top,J1,,AudioJack_3.5mm_long_pads,Mix_audio_out,tht,True
136.0,-139.85,0.0,top,J2,,AudioJack_3.5mm_long_pads,Audio_in,tht,True
164.0,-124.97,0.0,top,J4,,AudioJack_3.5mm_long_pads,Mix_CV_in,tht,True
150.0,-139.85,0.0,top,J5,,AudioJack_3.5mm_long_pads,Wet_audio_out,tht,True
168.0,-65.75,180.0,bottom,J8,,PinSocket_1x16_P2.54mm_Vertical,Board_B_1,tht,True
132.0,-65.75,180.0,bottom,J9,,PinSocket_1x16_P2.54mm_Vertical,Board_B_2,tht,True
138.952,-48.44,-90.0,top,R22,,R_quarter_watt_L6.3mm_D2.5mm_P7.62mm,330R,tht,True
142.0,-128.21,90.0,top,RV1,,Potentiometer_Bourns_3296W_Vertical_BigPads,Dry_gain_10k,tht,True
134.0,-128.21,90.0,top,RV2,,Potentiometer_Bourns_3296W_Vertical_BigPads,Wet_gain_10k,tht,True
157.4973,-118.9658,90.0,top,RV3,,Potentiometer_RV09_BigPads,CV_lvl_50k,tht,True
137.4973,-118.9658,90.0,top,RV4,,Potentiometer_RV09_BigPads,Mix_trim_50k,tht,True
150.0,-62.25,180.0,top,SW1,,ToggleSwitch_MTS-102_SPDT,Clipping,tht,True
150.0,-96.25,180.0,top,SW2,,ToggleSwitch_MTS-202_DPDT,Xformer_bypass,tht,True
150.0,-79.25,180.0,top,SW3,,ToggleSwitch_MTS-202_DPDT,Opto_bypass,tht,True
